{
  "accuracy": 0.9085480482140883,
  "roc_auc": 0.9330767874073908,
  "f1": 0.5546580506192784,
  "pr_auc": 0.6262463242154305
}